channel,coefficient,impactable%,impactable_sensors,spend,saturation,power
hcp_speaker,0.505492066,0.466211582,66681.2589,587649,log,
hcp_congress,0.001776971,0.113095797,16175.85316,779000,log,
hcp_print,0.000971067,0.07073528,10022.46884,592192,log,
