channel,coefficient,impactable%,impactable_sensors,spend,saturation,power
calls,0.406303,24.548577,1083566.333,10887652,log,
samples,0.154916,10.10753,446143.1398,707185,log,
crm,0.0251,0.918649,40548.87289,74415,log,
tv,0.080652,3.180432,140383.2507,1837577,log,
social,0.006826,0.691194,30509.08198,445668,log,
